idx,band,song,id,spread_oct,peak_ratio,fold_med,dur,flagged,segs
178,ikka_dumb_rock,ホーミー・タイッ！！,ikka_dumb_rock__178,27.46,2.000,129.2,215.4,1,129|172|129|129|129|129
561,raise_a_suilen,Keep the Heat and Fire Yourself Up (Cover),raise_a_suilen__561,23.38,1.471,152.0,205.8,1,152|152|152|108|108|152
81,ave_mujica,Choir ‘S’ Choir,ave_mujica__081,23.26,1.529,136.0,288.1,1,108|148|144|148|148|99
293,mygo,遥か彼方 (Cover),mygo__293,23.06,1.933,172.3,249.2,1,172|172|172|172|117|117
597,roselia,Floral Haven,roselia__597,22.23,1.929,95.7,281.9,1,136|96|96|92|136|92
246,mugendai_mutype,TRASH LIFE,mugendai_mutype__246,21.84,1.571,117.5,213.0,1,117|152|92|120|161|92
653,roselia,深愛 (Cover),roselia__653,21.07,1.474,136.0,273.2,1,136|92|92|92|136|108
536,raise_a_suilen,Drown Out the Noise and Push Through the Trash,raise_a_suilen__536,20.89,1.929,99.4,216.0,1,96|96|96|99|144|144
265,mygo,潜在表明,mygo__265,20.38,1.526,136.0,262.1,1,136|178|136|136|136|136
268,mygo,詩超絆,mygo__268,18.36,1.083,99.4,237.2,1,108|92|96|92|108|148
92,ave_mujica,素晴らしき世界 でも どこにもない場所,ave_mujica__092,18.05,1.462,99.4,269.5,1,136|99|136|99|99|117
514,raise_a_suilen,Life on the Lotus,raise_a_suilen__514,17.78,1.462,136.0,243.3,1,136|99|108|136|99|129
40,afterglow,A Sunset So Bright,afterglow__040,16.59,1.429,99.4,231.1,1,96|123|129|123|96|99
442,poppin_party,Five Letters,poppin_party__442,16.26,1.500,129.2,249.2,1,129|172|172|172|172|129
32,afterglow,イマジネーション,afterglow__032,16.11,1.462,103.4,178.0,1,103|136|103|136|103|108
587,roselia,Break your desire,roselia__587,16.07,1.462,103.4,261.4,1,136|103|103|136|136|99
564,raise_a_suilen,神っぽいな (Cover),raise_a_suilen__564,15.71,1.500,143.6,204.3,1,144|144|144|103|144|144
300,mygo,春日影,mygo__300,15.10,3.077,117.5,123.0,1,129|129|129|99|99|99
385,poppin_party,走り始めたばかりのキミに ～Popipa Acoustic Ver.～,poppin_party__385,15.10,2.000,107.7,296.2,1,144|108|108|108|108|117
73,ave_mujica,"Georgette Me, Georgette You",ave_mujica__073,15.08,1.500,136.0,234.7,1,96|144|96|96|144|144
204,morfonica,Tempest,morfonica__204,15.05,1.462,99.4,252.2,1,99|136|136|99|136|99
513,raise_a_suilen,Repaint,raise_a_suilen__513,15.04,1.316,103.4,234.6,1,103|103|103|103|136|161
544,raise_a_suilen,Light a fire,raise_a_suilen__544,14.94,1.474,136.0,269.0,1,92|136|136|136|136|92
14,afterglow,SWITCH ON NOW,afterglow__014,14.74,2.000,99.4,207.3,1,129|99|99|99|136|103
645,roselia,ETERNAL BLAZE (Cover),roselia__645,14.73,1.471,152.0,309.2,1,108|123|152|152|152|152
169,hello_happy_world,GO! GO! MANIAC (Cover),hello_happy_world__169,14.68,3.100,166.7,249.1,1,123|167|167|126|123|167
75,ave_mujica,Crucifix X,ave_mujica__075,14.61,1.316,103.4,299.0,1,136|103|103|103|103|108
500,raise_a_suilen,EXPOSE ‘Burn out!!!’,raise_a_suilen__500,14.52,1.077,95.7,283.7,1,96|96|96|129|96|92
89,ave_mujica,Ether,ave_mujica__089,14.51,1.500,95.7,285.7,1,92|92|92|92|172|129
538,raise_a_suilen,EXPOSE 'Burn out!!!' (English),raise_a_suilen__538,14.50,1.929,95.7,283.7,1,96|92|92|129|92|92
402,poppin_party,Jumpin',poppin_party__402,14.32,2.000,99.4,247.9,1,136|99|99|99|99|99
79,ave_mujica,黒のバースデイ,ave_mujica__079,14.27,2.000,99.4,234.3,1,144|99|99|99|99|99
230,morfonica,Nevereverland (Cover),morfonica__230,14.27,1.923,103.4,287.4,1,144|103|103|103|103|103
424,poppin_party,TARINAI,poppin_party__424,14.23,1.077,95.7,219.6,1,96|96|96|129|99|96
201,morfonica,Secret Dawn,morfonica__201,14.09,1.500,132.5,238.4,1,172|133|172|172|129|129
76,ave_mujica,八芒星ダンス,ave_mujica__076,14.06,2.091,117.5,231.5,1,152|117|112|117|117|112
631,roselia,Proud of oneself,roselia__631,13.99,1.538,117.5,235.8,1,129|129|99|129|96|117
629,roselia,競宴Red×Violet,roselia__629,13.41,2.059,147.7,263.5,1,99|144|99|148|148|99
468,poppin_party,MATSURI BAYASHI (Cover),poppin_party__468,13.32,1.471,152.0,231.1,1,103|152|152|152|152|152
602,roselia,廻廻奇譚,roselia__602,13.26,1.500,92.3,221.2,1,123|92|92|123|123|117
328,pastel_palettes,ラムのラブソング,pastel_palettes__328,13.01,2.071,143.6,162.4,1,178|117|144|178|144|117
19,afterglow,カナユメ,afterglow__019,12.90,3.100,126.0,307.5,1,129|123|126|123|167|123
220,morfonica,again (Cover),morfonica__220,12.82,1.556,136.0,250.8,1,92|144|92|140|140|136
331,pastel_palettes,ゆりゆららららゆるゆり大事件,pastel_palettes__331,12.75,1.467,172.3,229.3,1,172|172|117|172|172|172
591,roselia,Song I am.,roselia__591,12.69,1.929,95.7,242.6,1,96|129|96|96|96|96
520,raise_a_suilen,Don't be afraid!,raise_a_suilen__520,12.60,2.071,120.2,143.9,1,120|123|92|178|178|117
266,mygo,音一会,mygo__266,12.57,2.000,99.4,282.0,1,99|99|99|99|99|136
399,poppin_party,イニシャル,poppin_party__399,12.51,1.350,99.4,295.2,1,129|129|129|96|129|99
590,roselia,"""UNIONS"" Road",roselia__590,12.49,1.526,136.0,309.3,1,136|136|136|136|136|136
249,mugendai_mutype,Calling,mugendai_mutype__249,12.42,1.467,172.3,182.2,1,172|172|172|172|172|117
63,afterglow,ドラマツルギー (Cover),afterglow__063,12.24,1.346,147.7,238.6,1,99|152|152|148|148|152
523,raise_a_suilen,Scarlet Sky,raise_a_suilen__523,12.16,2.071,117.5,246.5,1,178|92|123|92|92|120
262,mygo,碧天伴走,mygo__262,12.05,1.538,99.4,218.9,1,129|96|129|99|99|96
167,hello_happy_world,恋愛裁判 (Cover),hello_happy_world__167,11.85,1.526,178.2,223.1,1,178|178|178|178|136|136
23,afterglow,True color,afterglow__023,11.50,2.000,161.5,253.3,1,161|161|161|108|161|161
233,morfonica,unravel (Cover),morfonica__233,11.48,1.900,136.0,237.4,1,136|136|136|136|136|136
508,raise_a_suilen,DANCING DARING,raise_a_suilen__508,11.38,1.500,95.7,215.1,1,92|123|92|123|96|92
335,pastel_palettes,トリドリ＊パレット,pastel_palettes__335,11.30,1.933,172.3,252.2,1,178|172|117|172|172|117
78,ave_mujica,天球のMúsica,ave_mujica__078,11.18,1.538,112.3,280.3,1,99|129|99|129|99|129
381,poppin_party,私の心はチョココロネ,poppin_party__381,11.18,1.900,136.0,252.9,1,136|136|136|136|178|136
656,roselia,Preserved Roses (Cover),roselia__656,11.18,2.067,166.7,210.6,1,112|167|112|167|161|167
393,poppin_party,ガールズコード,poppin_party__393,11.17,2.100,126.0,325.2,1,126|123|167|123|129|123
599,roselia,閃光,roselia__599,11.06,1.933,172.3,218.6,1,172|172|117|172|172|117
259,mugendai_mutype,これはぼくたちの生存のあらすじ,mugendai_mutype__259,10.86,1.429,95.7,234.8,1,99|99|96|96|129|96
617,roselia,Sunlit Musical,roselia__617,10.83,2.000,92.3,232.1,1,92|123|92|123|92|92
341,pastel_palettes,フレっとパレットFight Song!!,pastel_palettes__341,10.43,1.500,143.6,242.0,1,96|144|144|144|144|144
182,morfonica,flame of hope,morfonica__182,10.37,1.429,95.7,252.9,1,129|96|96|96|96|99
214,morfonica,Color of Us,morfonica__214,10.33,1.538,99.4,233.7,1,99|99|99|129|99|99
541,raise_a_suilen,WHAT AN EXPLOSION,raise_a_suilen__541,10.13,1.259,95.7,190.9,1,148|96|96|152|99|96
471,poppin_party,夜行性ハイズ (Cover),poppin_party__471,10.07,2.000,132.5,226.0,1,172|133|133|129|129|133
20,afterglow,独創収差,afterglow__020,10.00,2.000,129.2,276.3,1,129|129|129|126|129|123
608,roselia,Second to None,roselia__608,9.99,1.500,92.3,233.7,1,92|123|92|92|92|92
648,roselia,スカイクラッドの観測者 (Cover),roselia__648,9.98,2.067,166.7,273.8,1,112|167|167|167|167|167
450,poppin_party,Chu Chueen!,poppin_party__450,9.96,2.083,107.7,229.9,1,108|136|108|126|108|108
12,afterglow,Off we go.,afterglow__012,9.93,1.571,117.5,251.8,1,144|92|117|92|117|117
99,ave_mujica,KINGS (Cover),ave_mujica__099,9.90,1.467,172.3,317.6,1,117|172|172|172|172|172
628,roselia,Singing “OURS”,roselia__628,9.87,2.100,126.0,316.2,1,123|126|161|126|126|123
586,roselia,Avant-garde HISTORY,roselia__586,9.77,3.091,152.0,306.8,1,117|152|152|152|117|152
657,roselia,My Dearest (Cover),roselia__657,9.67,2.067,166.7,337.1,1,172|172|112|172|112|112
378,poppin_party,ティアドロップス,poppin_party__378,9.62,1.077,95.7,217.1,1,96|96|129|96|123|92
467,poppin_party,じょいふる (Cover),poppin_party__467,9.55,2.000,161.5,194.6,1,161|157|161|161|161|108
611,roselia,XV,roselia__611,9.42,1.538,99.4,235.1,1,99|99|129|99|129|117
185,morfonica,fly with the night,morfonica__185,9.35,2.000,172.3,240.7,1,172|172|112|172|172|172
512,raise_a_suilen,灼熱 Bonfire!,raise_a_suilen__512,9.35,1.471,152.0,224.8,1,103|152|152|152|152|152
292,mygo,だれかの心臓になれたなら (Cover),mygo__292,9.34,2.000,143.6,236.4,1,144|144|144|144|144|172
647,roselia,This game (Cover),roselia__647,9.34,1.944,143.6,283.6,1,144|148|99|148|144|144
404,poppin_party,キラキラスター！,poppin_party__404,9.31,1.529,152.0,276.0,1,152|152|148|152|152|117
616,roselia,Sanctuary,roselia__616,9.25,1.500,92.3,310.9,1,92|123|123|92|92|92
239,mugendai_mutype,みゅーたんとミュータント,mugendai_mutype__239,9.23,1.529,152.0,220.3,1,152|152|152|152|152|117
606,roselia,Dazzle the Destiny,roselia__606,9.11,1.929,95.7,241.2,1,96|96|99|96|96|117
596,roselia,Always recall.,roselia__596,8.93,1.500,92.3,252.3,1,92|92|92|123|92|123
643,roselia,残酷な天使のテーゼ (Cover),roselia__643,8.90,2.056,139.7,261.8,1,140|140|140|140|140|140
649,roselia,シャルル (Cover),roselia__649,8.87,2.000,143.6,232.6,1,117|144|144|144|144|144
118,hello_happy_world,せかいのっびのびトレジャー！,hello_happy_world__118,8.78,2.923,112.3,212.7,1,172|172|99|172|99|99
326,pastel_palettes,気まぐれロマンティック,pastel_palettes__326,8.73,1.533,172.3,243.8,1,136|172|172|172|172|172
436,poppin_party,キミが始まる！,poppin_party__436,8.73,1.467,117.5,218.2,1,117|117|117|117|172|144
613,roselia,Fear Nothing,roselia__613,8.65,1.545,117.5,229.0,1,117|117|117|117|152|152
153,hello_happy_world,シル・ヴ・プレジデント (Cover),hello_happy_world__153,8.41,1.933,172.3,193.5,1,172|172|172|172|172|172
583,roselia,BRAVE JEWEL,roselia__583,8.40,2.077,99.4,247.5,1,99|99|99|129|126|99
243,mugendai_mutype,LET'Sあちあちトレーニング！,mugendai_mutype__243,8.25,1.071,152.0,206.5,1,112|172|178|152|123|92
179,millsage,起死開戦,millsage__179,8.13,1.533,166.7,195.3,1,161|161|117|112|172|172
57,afterglow,アスノヨゾラ哨戒班 (Cover),afterglow__057,8.05,2.000,92.3,192.0,1,92|92|92|92|92|117
535,raise_a_suilen,'FIGHT' ADDICT,raise_a_suilen__535,8.03,1.538,99.4,231.6,1,99|129|99|99|99|99
298,mygo,swim (Cover),mygo__298,7.98,2.077,99.4,209.5,1,99|99|99|129|99|99
555,raise_a_suilen,革命道中 (Cover),raise_a_suilen__555,7.94,2.000,92.3,198.2,1,123|92|92|92|92|99
322,pastel_palettes,あこがれacross,pastel_palettes__322,7.89,1.929,95.7,234.6,1,126|96|96|96|96|96
88,ave_mujica,Symbol IV : Earth,ave_mujica__088,7.72,2.059,143.6,239.1,1,148|148|148|117|144|148
93,ave_mujica,Angles,ave_mujica__093,7.65,1.077,99.4,275.1,1,117|117|99|99|99|117
39,afterglow,Glowing After,afterglow__039,7.61,2.000,99.4,254.5,1,99|99|99|99|129|99
604,roselia,Synchrogazer,roselia__604,7.54,1.500,161.5,266.7,1,161|161|161|161|161|117
96,ave_mujica,‘S/’ The Way,ave_mujica__096,7.48,2.062,161.5,227.5,1,161|161|161|161|157|161
527,raise_a_suilen,R･I･O･T (ライブ / アンコール),raise_a_suilen__527,7.45,2.056,139.7,348.1,1,140|140|140|140|144|123
316,pastel_palettes,ゼッタイ宣言～Recital～,pastel_palettes__316,7.43,1.933,172.3,241.5,1,178|117|178|117|172|117
529,raise_a_suilen,TWIN TALE,raise_a_suilen__529,7.39,2.000,99.4,217.5,1,99|99|99|99|99|99
554,raise_a_suilen,第六感 (Cover),raise_a_suilen__554,7.37,1.900,136.0,193.3,1,178|136|136|136|136|136
519,raise_a_suilen,えがおのオーケストラっ！,raise_a_suilen__519,7.36,1.947,136.0,255.6,1,136|136|136|136|136|136
614,roselia,PASSIONATE ANTHEM,roselia__614,7.16,2.000,99.4,243.0,1,99|129|99|99|99|99
501,raise_a_suilen,R・I・O・T,raise_a_suilen__501,7.04,1.056,139.7,301.5,1,140|136|140|144|144|144
145,hello_happy_world,れっつ・スマイル・すとり〜みんぐっ♪,hello_happy_world__145,7.03,1.529,152.0,227.6,1,152|152|152|152|152|152
426,poppin_party,Photograph,poppin_party__426,7.03,1.529,152.0,258.1,1,152|152|99|152|152|117
658,roselia,Shangri-La (Cover),roselia__658,6.96,1.941,152.0,239.0,1,152|157|152|152|152|157
54,afterglow,青のすみか (Cover),afterglow__054,6.87,2.000,152.0,197.4,1,152|152|152|152|152|152
251,mugendai_mutype,コハク,mugendai_mutype__251,6.87,2.077,99.4,220.0,1,99|99|99|99|99|99
2,afterglow,SENSENFUKOKU,afterglow__002,6.86,2.000,99.4,246.5,1,129|99|99|99|99|99
100,ave_mujica,暗黒天国 (Cover),ave_mujica__100,6.85,1.929,95.7,265.3,1,123|96|96|96|96|96
65,afterglow,午夜の待ち合わせ (Cover),afterglow__065,6.79,1.929,92.3,171.5,1,99|92|92|92|92|96
191,morfonica,誓いのWingbeat,morfonica__191,6.73,1.923,103.4,255.0,1,152|99|103|99|103|99
209,morfonica,きょうもMerry go rounD,morfonica__209,6.68,1.900,136.0,238.0,1,136|136|136|136|136|123
655,roselia,Realize (Cover),roselia__655,6.61,1.923,103.4,246.1,1,103|103|103|103|103|113
1,afterglow,That Is How I Roll!,afterglow__001,6.59,1.571,117.5,239.6,1,117|117|92|117|92|92
581,roselia,LOUDER,roselia__581,6.59,1.538,99.4,216.2,1,99|99|99|99|99|108
651,roselia,革命デュアリズム (Cover),roselia__651,6.56,1.462,103.4,237.4,1,99|108|103|103|103|108
615,roselia,Requiem for Fate,roselia__615,6.50,1.471,152.0,238.4,1,152|152|152|152|152|129
228,morfonica,Nameless Story (Cover),morfonica__228,6.47,1.538,99.4,243.0,1,99|99|99|99|99|129
69,afterglow,Part of the Life,afterglow__069,6.42,2.000,92.3,88.7,1,92|92|92|92|92|92
449,poppin_party,チョコレイトの低音レシピ,poppin_party__449,6.39,2.077,95.7,271.0,1,99|96|99|96|99|99
497,raise_a_suilen,DRIVE US CRAZY,raise_a_suilen__497,6.28,1.500,107.7,245.7,1,108|108|108|108|108|108
72,ave_mujica,KiLLKiSS,ave_mujica__072,6.27,2.000,99.4,208.8,1,133|99|99|99|99|99
180,morfonica,Daylight -デイライト-,morfonica__180,6.25,1.500,92.3,357.3,1,123|92|92|92|92|123
267,mygo,春日影 (MyGO!!!!! ver.),mygo__267,6.22,1.077,99.4,256.6,1,99|99|99|99|99|99
638,roselia,悪魔の子 (Cover),roselia__638,6.17,1.071,92.3,227.2,1,92|172|92|92|92|144
504,raise_a_suilen,Ray of hope,raise_a_suilen__504,6.08,2.000,129.2,190.8,1,129|129|129|129|129|129
28,afterglow,トーキョーワンダー。,afterglow__028,6.06,1.056,136.0,153.8,1,136|136|136|136|136|136
626,roselia,Ringing Bloom,roselia__626,6.02,1.538,99.4,334.9,1,129|99|99|99|99|99
639,roselia,slash (Cover),roselia__639,5.99,2.000,107.7,241.1,1,112|108|108|108|108|108
227,morfonica,ALIVE (Cover),morfonica__227,5.96,1.071,117.5,216.0,1,172|92|172|92|117|92
116,hello_happy_world,にこにこねくと！,hello_happy_world__116,5.94,1.533,112.3,250.6,1,112|112|112|112|112|112
294,mygo,雑踏、僕らの街 (Cover),mygo__294,5.94,2.000,172.3,188.2,1,172|172|172|172|172|172
526,raise_a_suilen,That Is How I Roll! (ライブ / アンコール),raise_a_suilen__526,5.79,1.071,92.3,283.0,1,117|92|92|92|92|92
205,morfonica,フレージング ミラージュ,morfonica__205,5.77,1.929,95.7,263.6,1,108|96|96|96|92|117
429,poppin_party,星の約束,poppin_party__429,5.72,1.467,172.3,245.1,1,172|172|172|172|172|117
70,afterglow,Punchline Halloween!!!,afterglow__070,5.61,2.071,107.7,234.2,1,92|92|123|120|123|108
198,morfonica,Steer to Utopia,morfonica__198,5.58,1.538,99.4,216.3,1,99|99|99|99|99|99
317,pastel_palettes,ぎゅっDAYS♪,pastel_palettes__317,5.33,2.000,172.3,251.6,1,172|172|172|172|172|172
82,ave_mujica,神さま、バカ,ave_mujica__082,5.30,2.071,117.5,224.0,1,117|117|92|112|117|117
433,poppin_party,花咲く未来に,poppin_party__433,5.27,1.321,139.7,276.1,1,144|136|140|140|140|117
455,poppin_party,す、好きなんかじゃない！,poppin_party__455,5.26,1.938,161.5,236.9,1,161|167|161|167|161|161
22,afterglow,サクラゼンセン,afterglow__022,5.23,1.321,139.7,249.3,1,140|140|140|140|140|140
319,pastel_palettes,るんっ♪てぃてぃー！,pastel_palettes__319,5.12,2.000,161.5,229.3,1,161|161|161|161|161|161
473,poppin_party,怪獣の花唄 (Cover),poppin_party__473,5.07,2.000,152.0,223.1,1,152|152|152|152|152|152
97,ave_mujica,碧い瞳の中に,ave_mujica__097,4.96,2.000,143.6,224.0,0,144|144|144|144|144|144
445,poppin_party,Drive Your Heart,poppin_party__445,4.96,1.529,152.0,268.9,0,152|152|152|152|152|152
258,mugendai_mutype,超惑星Xへの旅,mugendai_mutype__258,4.95,2.000,136.0,173.6,0,136|136|136|136|136|136
551,raise_a_suilen,激動 (Cover),raise_a_suilen__551,4.92,2.091,117.5,333.6,0,112|112|117|117|117|115
607,roselia,Grateful Melting,roselia__607,4.90,2.909,117.5,217.3,0,117|123|117|117|117|117
354,pastel_palettes,魔法少女とチョコレゐト (Cover),pastel_palettes__354,4.87,1.529,152.0,188.0,0,152|152|152|152|152|152
183,morfonica,ブルームブルーム,morfonica__183,4.84,2.071,123.0,276.9,0,144|117|123|92|178|117
492,raise_a_suilen,SOUL SOLDIER,raise_a_suilen__492,4.83,1.538,99.4,239.9,0,99|99|99|96|99|99
390,poppin_party,CiRCLING,poppin_party__390,4.82,1.500,161.5,261.3,0,161|161|161|161|161|161
420,poppin_party,SAKURA MEMORIES,poppin_party__420,4.82,1.467,172.3,254.6,0,172|172|172|172|172|172
397,poppin_party,Breakthrough!,poppin_party__397,4.78,2.000,92.3,275.8,0,92|92|92|92|92|92
98,ave_mujica,堕天 (Cover),ave_mujica__098,4.70,1.923,103.4,183.8,0,103|103|103|103|103|99
498,raise_a_suilen,!NVADE SHOW!,raise_a_suilen__498,4.70,1.533,172.3,265.7,0,172|172|172|172|172|172
172,hello_happy_world,ウィーアー！ (Cover),hello_happy_world__172,4.65,2.067,172.3,241.1,0,167|172|167|167|167|172
534,raise_a_suilen,VIVID FIRST TIME,raise_a_suilen__534,4.60,2.000,99.4,230.0,0,99|99|99|99|99|99
440,poppin_party,Future Place,poppin_party__440,4.58,1.500,92.3,233.0,0,92|92|92|92|92|92
533,raise_a_suilen,HOWLING AMBITION,raise_a_suilen__533,4.58,1.357,136.0,258.6,0,136|136|136|136|136|136
579,roselia,熱色スターマイン,roselia__579,4.55,1.500,92.3,280.3,0,99|92|92|92|92|92
80,ave_mujica,ふたつの月 ~Deep Into The Forest~,ave_mujica__080,4.44,1.571,92.3,304.9,0,108|92|92|92|92|117
108,hello_happy_world,スマイルブーケで た〜まや〜！,hello_happy_world__108,4.43,2.000,152.0,272.0,0,152|152|152|152|152|152
439,poppin_party,青春 To Be Continued,poppin_party__439,4.42,1.526,136.0,256.4,0,136|136|136|136|136|136
522,raise_a_suilen,Hey-day狂騒曲(カプリチオ),raise_a_suilen__522,4.42,2.062,156.6,241.2,0,157|161|157|161|157|161
330,pastel_palettes,DISCOTHEQUE,pastel_palettes__330,4.35,1.500,143.6,243.3,0,144|144|144|144|144|144
106,hello_happy_world,キミがいなくちゃっ！,hello_happy_world__106,4.32,2.100,123.0,243.8,0,123|123|123|123|123|123
37,afterglow,ペトリコール・オベーション,afterglow__037,4.31,2.000,92.3,219.1,0,92|92|92|92|92|92
386,poppin_party,Time Lapse,poppin_party__386,4.30,2.077,95.7,249.0,0,96|99|96|96|96|99
192,morfonica,Ever Sky Blue,morfonica__192,4.29,2.000,99.4,241.1,0,99|99|99|99|99|99
210,morfonica,Feathered Dreams,morfonica__210,4.27,1.467,172.3,226.4,0,172|172|172|172|172|172
377,poppin_party,走り始めたばかりのキミに,poppin_party__377,4.24,2.100,123.0,261.0,0,126|123|123|123|123|120
255,mugendai_mutype,ビッグマウス,mugendai_mutype__255,4.20,1.500,143.6,173.0,0,144|144|144|144|144|144
575,roselia,Re:birth day,roselia__575,4.19,1.533,172.3,268.7,0,172|172|172|172|172|172
495,raise_a_suilen,Beautiful Birthday,raise_a_suilen__495,4.17,1.467,172.3,256.1,0,172|172|172|172|172|172
132,hello_happy_world,ハッピー☆マテリアル,hello_happy_world__132,4.16,2.000,161.5,225.0,0,161|161|161|161|161|161
622,roselia,Dear Gleam,roselia__622,4.15,2.000,99.4,253.5,0,99|99|99|99|99|99
282,mygo,回層浮,mygo__282,4.13,2.000,99.4,261.2,0,99|99|99|99|99|99
601,roselia,ROZEN HORIZON,roselia__601,4.11,1.500,161.5,366.6,0,161|161|161|161|161|161
451,poppin_party,どきどきSING OUT!,poppin_party__451,4.10,2.077,99.4,248.2,0,99|99|99|99|99|99
380,poppin_party,キラキラだとか夢だとか ～Sing Girls～,poppin_party__380,4.04,2.071,117.5,305.9,0,92|92|92|117|123|117
91,ave_mujica,in your blue eyes,ave_mujica__091,4.03,2.000,143.6,222.8,0,144|144|144|144|144|136
90,ave_mujica,The Whole Blue World,ave_mujica__090,4.02,2.000,99.4,257.3,0,99|99|99|99|99|99
7,afterglow,Sasanqua,afterglow__007,4.01,2.000,99.4,236.8,0,99|99|99|99|99|99
552,raise_a_suilen,メギツネ (Cover),raise_a_suilen__552,4.01,1.500,143.6,250.8,0,144|144|144|144|144|144
188,morfonica,ハーモニー・デイ,morfonica__188,3.92,2.000,92.3,219.2,0,92|92|92|92|92|99
379,poppin_party,ときめきエクスペリエンス！,poppin_party__379,3.92,2.071,117.5,257.7,0,123|92|92|117|117|117
350,pastel_palettes,愛包ダンスホール (Cover),pastel_palettes__350,3.89,1.056,143.6,222.8,0,144|144|144|144|144|144
427,poppin_party,夏に閉じこめて,poppin_party__427,3.86,1.929,95.7,261.6,0,96|96|96|96|99|96
168,hello_happy_world,TOMORROW (Cover),hello_happy_world__168,3.84,1.900,136.0,274.9,0,136|136|136|136|136|136
499,raise_a_suilen,REIGNING,raise_a_suilen__499,3.84,1.500,92.3,249.4,0,92|92|92|92|92|92
516,raise_a_suilen,That Is How I Roll!,raise_a_suilen__516,3.83,1.071,117.5,265.9,0,108|117|172|117|117|117
571,roselia,BLACK SHOUT,roselia__571,3.82,2.000,92.3,247.1,0,92|92|92|92|92|92
148,hello_happy_world,ハイタッチ／＼びりーばーず☆,hello_happy_world__148,3.80,1.938,161.5,254.4,0,161|161|161|161|161|161
301,pastel_palettes,TITLE IDOL,pastel_palettes__301,3.78,1.500,143.6,268.4,0,144|144|144|144|144|144
593,roselia,覚悟のLiberation,roselia__593,3.78,2.000,92.3,260.8,0,92|92|92|92|92|92
277,mygo,端程山,mygo__277,3.74,2.071,92.3,261.0,0,172|92|178|92|92|99
287,mygo,証命讃歌,mygo__287,3.74,2.083,107.7,192.2,0,108|108|108|108|108|108
444,poppin_party,RiNG A BELL,poppin_party__444,3.72,1.500,92.3,261.1,0,92|92|92|92|92|92
218,morfonica,蒼穹へのトレイル,morfonica__218,3.71,2.077,99.4,219.2,0,96|99|96|129|99|99
460,poppin_party,開けたらDream!,poppin_party__460,3.71,2.056,139.7,309.0,0,140|144|140|140|136|136
102,various_artists,Glee! Glee! Glee!,various_artists__102,3.68,2.071,117.5,211.8,0,92|92|178|105|123|123
621,roselia,FRONTIER FANTASIA,roselia__621,3.67,1.933,172.3,262.5,0,172|144|172|178|117|172
619,roselia,一逢のFull Glory,roselia__619,3.66,2.000,99.4,232.4,0,99|99|99|99|99|99
605,roselia,名前のない怪物,roselia__605,3.65,2.071,92.3,301.3,0,92|92|92|92|92|92
547,raise_a_suilen,JUST THE WAY I AM,raise_a_suilen__547,3.64,2.071,117.5,258.7,0,172|123|117|92|92|92
588,roselia,Neo-Aspect,roselia__588,3.62,2.071,92.3,310.3,0,117|92|92|92|92|92
83,ave_mujica,Mas?uerade Rhapsody Re?uest,ave_mujica__083,3.60,1.929,95.7,249.8,0,96|96|96|96|96|96
333,pastel_palettes,Stay Alive,pastel_palettes__333,3.59,1.056,143.6,264.0,0,140|144|140|144|144|136
38,afterglow,Made My Day,afterglow__038,3.58,1.929,95.7,244.0,0,96|96|96|96|96|96
630,roselia,overtuRe,roselia__630,3.57,2.077,95.7,244.1,0,96|99|96|96|99|99
570,roselia,Neo-Aspect,roselia__570,3.55,2.071,92.3,307.3,0,120|92|92|92|92|92
603,roselia,鳥の詩,roselia__603,3.53,1.909,123.0,356.8,0,123|123|123|123|123|123
646,roselia,魂のルフラン (Cover),roselia__646,3.51,2.000,129.2,269.5,0,129|129|129|129|129|129
286,mygo,掌心正銘,mygo__286,3.50,2.000,92.3,221.5,0,92|92|92|92|92|92
642,roselia,六兆年と一夜物語 (Cover),roselia__642,3.50,2.000,92.3,216.4,0,92|92|92|92|92|92
51,afterglow,ロキ (Cover),afterglow__051,3.49,1.529,152.0,230.0,0,152|152|152|152|152|152
10,afterglow,Y.O.L.O!!!!!,afterglow__010,3.48,2.083,107.7,270.9,0,108|108|108|108|108|108
144,hello_happy_world,らいふ・いず・みゅーじかるっ♪♪♪,hello_happy_world__144,3.47,2.056,139.7,237.7,0,144|140|144|140|140|140
641,roselia,乙女解剖 (Cover),roselia__641,3.43,1.900,136.0,224.1,0,136|136|136|136|136|136
320,pastel_palettes,パッパレ☆人生！バーン万歳！,pastel_palettes__320,3.42,2.000,172.3,239.5,0,172|172|172|172|172|172
550,raise_a_suilen,ヒトリノ夜 (Cover),raise_a_suilen__550,3.42,2.000,172.3,237.8,0,172|172|172|172|172|172
207,morfonica,わたしまちがいさがし,morfonica__207,3.36,1.571,92.3,273.0,0,117|92|92|92|112|92
256,mugendai_mutype,夢現妄想世界,mugendai_mutype__256,3.31,1.538,99.4,212.2,0,99|99|99|99|99|99
297,mygo,ノンブレス・オブリージュ (Cover),mygo__297,3.31,2.059,147.7,207.3,0,144|148|148|148|152|148
196,morfonica,Sonorous,morfonica__196,3.29,2.000,132.5,313.3,0,129|133|133|133|133|133
415,poppin_party,キミにもらったもの,poppin_party__415,3.28,1.059,143.6,235.4,0,144|152|144|144|144|144
475,poppin_party,ミュージック・アワー (Cover),poppin_party__475,3.28,1.526,136.0,280.8,0,136|136|136|136|136|136
101,various_artists,Don't be afraid!,various_artists__101,3.27,2.071,92.3,238.8,0,92|92|117|92|92|117
278,mygo,処救生,mygo__278,3.27,1.077,99.4,217.5,0,99|96|99|92|96|96
369,pastel_palettes,春擬き (Cover),pastel_palettes__369,3.25,1.467,172.3,269.0,0,172|172|172|172|172|172
120,hello_happy_world,うちゃパ！で ぱっぴかポーんっ！,hello_happy_world__120,3.24,1.538,99.4,217.8,0,99|99|99|99|99|99
530,raise_a_suilen,STRAY CERBERUS,raise_a_suilen__530,3.23,2.071,92.3,256.1,0,92|92|123|172|92|92
290,mygo,聿日箋秋,mygo__290,3.22,1.500,92.3,236.4,0,117|92|92|92|92|92
260,mygo,迷星叫,mygo__260,3.21,1.077,95.7,211.4,0,99|92|96|96|96|99
186,morfonica,金色へのプレリュード,morfonica__186,3.20,1.467,172.3,271.2,0,172|172|172|172|172|172
636,roselia,ファタール (Cover),roselia__636,3.18,1.941,156.6,220.8,0,152|157|157|157|157|157
408,poppin_party,ミライトレイン,poppin_party__408,3.17,1.933,172.3,355.7,0,172|178|172|172|172|172
173,hello_happy_world,おジャ魔女カーニバル!! (Cover),hello_happy_world__173,3.16,2.059,147.7,217.4,0,148|148|148|148|152|152
572,roselia,Opera of the wasteland,roselia__572,3.16,1.900,136.0,284.8,0,136|136|136|136|136|136
488,poppin_party,大河よ共に泣いてくれ (Cover),poppin_party__488,3.15,2.000,172.3,207.7,0,172|172|172|172|172|172
517,raise_a_suilen,しゅわりん☆どり～みん,raise_a_suilen__517,3.14,1.933,172.3,265.3,0,144|172|172|172|172|172
486,poppin_party,ヴァンパイア (Cover),poppin_party__486,3.13,1.500,161.5,182.2,0,161|161|161|161|161|161
567,raise_a_suilen,恋しさとせつなさと心強さと (Cover),raise_a_suilen__567,3.13,2.000,129.2,250.7,0,129|129|129|129|129|129
478,poppin_party,Daydream café (Cover),poppin_party__478,3.09,1.529,152.0,229.0,0,152|152|152|152|152|152
25,afterglow,カサブタ,afterglow__025,3.08,2.000,172.3,196.7,0,172|172|172|172|172|172
285,mygo,残痕字,mygo__285,3.07,1.467,172.3,255.1,0,172|172|172|172|172|172
309,pastel_palettes,きゅ～まい＊flower,pastel_palettes__309,3.06,2.000,92.3,220.6,0,92|92|92|92|92|92
352,pastel_palettes,♡桃色片想い♡ (Cover),pastel_palettes__352,3.05,1.471,152.0,257.6,0,152|152|152|152|152|152
566,raise_a_suilen,SAVIOR OF SONG (Cover),raise_a_suilen__566,3.05,1.077,99.4,249.2,0,96|99|99|99|99|99
609,roselia,Steadfast Spirits,roselia__609,3.05,2.077,95.7,224.9,0,96|96|99|99|96|96
338,pastel_palettes,ReReReエボリューションず☆,pastel_palettes__338,3.03,1.929,92.3,214.5,0,92|92|92|92|92|92
447,poppin_party,START!! True dreams,poppin_party__447,3.01,1.933,178.2,242.9,0,178|172|178|172|178|172
0,afterglow,ON YOUR MARK,afterglow__000,2.99,1.500,92.3,241.6,0,92|92|92|92|92|92
560,raise_a_suilen,Just Awake (Cover),raise_a_suilen__560,2.98,1.929,95.7,223.0,0,96|96|96|96|96|99
94,ave_mujica,DIVINE,ave_mujica__094,2.97,2.000,117.5,257.6,0,117|117|117|117|117|117
34,afterglow,燦々,afterglow__034,2.95,2.000,99.4,194.9,0,99|99|99|99|99|99
279,mygo,輪符雨,mygo__279,2.94,1.471,152.0,207.6,0,152|152|152|152|152|152
584,roselia,FIRE BIRD,roselia__584,2.93,2.000,152.0,360.3,0,152|152|152|152|152|152
470,poppin_party,トウキョウ・シャンディ・ランデヴ (Cover),poppin_party__470,2.92,1.900,136.0,186.9,0,136|136|136|136|136|136
15,afterglow,ランブリングメモリー,afterglow__015,2.91,1.050,123.0,325.0,0,129|123|123|123|123|123
507,raise_a_suilen,-N-E-M-E-S-I-S-,raise_a_suilen__507,2.91,1.500,143.6,267.8,0,144|144|144|144|144|144
138,hello_happy_world,Happy Girl,hello_happy_world__138,2.89,2.000,143.6,238.1,0,144|144|144|144|144|144
546,raise_a_suilen,OUTSIDER RODEO,raise_a_suilen__546,2.86,1.059,152.0,269.1,0,152|152|148|148|152|148
558,raise_a_suilen,第ゼロ感 (Cover),raise_a_suilen__558,2.85,1.529,152.0,288.8,0,152|152|152|152|152|152
632,roselia,Sing Alive,roselia__632,2.85,2.000,99.4,315.4,0,99|99|99|99|99|99
41,afterglow,Start as Usual,afterglow__041,2.84,2.071,92.3,276.3,0,103|92|92|92|92|92
483,poppin_party,DAYS (Cover),poppin_party__483,2.84,1.526,136.0,235.1,0,136|136|136|136|136|136
284,mygo,焚音打,mygo__284,2.83,1.929,95.7,242.9,0,99|96|92|96|92|96
50,afterglow,DAY×DAY (Cover),afterglow__050,2.76,2.077,99.4,219.1,0,96|96|96|99|99|99
158,hello_happy_world,最高到達点 (Cover),hello_happy_world__158,2.76,1.950,132.5,226.7,0,133|133|129|133|133|129
610,roselia,紫炎,roselia__610,2.73,1.929,95.7,221.4,0,96|96|96|96|96|96
115,hello_happy_world,えがおのオーケストラっ！,hello_happy_world__115,2.71,1.947,136.0,230.2,0,136|136|136|136|136|136
394,poppin_party,Yes! BanG_Dream! ～Popipa Acoustic Ver.～,poppin_party__394,2.70,2.000,172.3,308.4,0,172|172|172|172|172|172
17,afterglow,Trouble Joyful!!,afterglow__017,2.67,2.077,99.4,237.9,0,99|96|99|99|99|96
545,raise_a_suilen,Embrace of light,raise_a_suilen__545,2.66,2.000,152.0,272.0,0,152|152|152|152|152|152
521,raise_a_suilen,ゆら・ゆらRing-Dong-Dance,raise_a_suilen__521,2.65,2.000,172.3,294.9,0,152|172|172|172|172|172
236,morfonica,CQCQ (Cover),morfonica__236,2.64,2.000,143.6,221.8,0,144|144|144|144|144|144
342,pastel_palettes,デイオフ・ラフ・ラブ・サンクス,pastel_palettes__342,2.63,2.056,139.7,243.7,0,140|140|140|140|140|140
454,poppin_party,花園電気ギター！！！,poppin_party__454,2.63,1.929,92.3,199.1,0,92|92|92|92|92|92
472,poppin_party,メランコリック (Cover),poppin_party__472,2.63,1.056,139.7,221.0,0,140|140|140|140|140|140
363,pastel_palettes,Baby Sweet Berry Love (Cover),pastel_palettes__363,2.62,1.533,172.3,244.2,0,172|172|172|172|172|172
416,poppin_party,Light Delight,poppin_party__416,2.58,2.071,92.3,308.8,0,123|123|92|117|117|92
253,mugendai_mutype,エンプティパペット,mugendai_mutype__253,2.57,2.100,123.0,186.0,0,126|123|126|123|123|123
359,pastel_palettes,アイドル (Cover),pastel_palettes__359,2.57,1.938,161.5,214.4,0,167|167|167|152|161|161
18,afterglow,Jamboree!Journey!,afterglow__018,2.56,1.062,156.6,259.8,0,152|157|157|157|157|157
109,hello_happy_world,えがお･シング･あ･ソング,hello_happy_world__109,2.56,1.529,152.0,249.2,0,152|152|152|152|152|152
195,morfonica,Merry Merry Thanks!!,morfonica__195,2.55,2.000,143.6,257.7,0,144|144|144|144|144|144
291,mygo,往欄印,mygo__291,2.55,1.071,92.3,298.1,0,92|92|92|117|92|108
474,poppin_party,光るなら (Cover),poppin_party__474,2.55,2.000,161.5,253.8,0,161|161|161|161|161|161
111,hello_happy_world,にこ×にこ=ハイパースマイルパワー！,hello_happy_world__111,2.52,1.929,95.7,233.3,0,96|92|96|92|96|96
4,afterglow,ツナグ、ソラモヨウ,afterglow__004,2.50,2.077,95.7,248.9,0,96|96|99|96|96|96
187,morfonica,The Circle Of Butterflies,morfonica__187,2.48,2.000,172.3,258.8,0,172|172|172|172|172|172
432,poppin_party,雨上がり、キミと,poppin_party__432,2.48,1.929,92.3,265.9,0,92|92|92|92|92|92
95,ave_mujica,Sophie,ave_mujica__095,2.47,2.000,99.4,197.0,0,99|99|99|99|99|99
160,hello_happy_world,新宝島 (Cover),hello_happy_world__160,2.47,2.062,161.5,251.2,0,157|157|157|161|161|161
524,raise_a_suilen,ゴーカ！ごーかい！？ファントムシーフ！,raise_a_suilen__524,2.47,2.000,107.7,242.4,0,108|108|108|108|108|108
578,roselia,Determination Symphony,roselia__578,2.47,1.929,95.7,281.9,0,96|92|96|92|96|96
11,afterglow,Scarlet Sky,afterglow__011,2.46,2.071,123.0,229.0,0,144|178|123|178|92|123
480,poppin_party,＊〜アスタリスク〜 (Cover),poppin_party__480,2.46,2.000,129.2,252.7,0,129|129|129|129|129|129
66,afterglow,サムライハート（Some Like It Hot!!） (Cover),afterglow__066,2.45,2.091,112.3,190.6,0,117|112|117|112|112|112
213,morfonica,胡蝶翔る星月夜,morfonica__213,2.45,2.000,99.4,204.7,0,99|99|99|99|99|99
585,roselia,Safe and Sound,roselia__585,2.45,2.000,92.3,258.5,0,92|92|92|92|92|92
103,various_artists,"Be shine, shining!",various_artists__103,2.43,2.000,117.5,96.3,0,117|117|117|117|117|117
351,pastel_palettes,最上級にかわいいの！ (Cover),pastel_palettes__351,2.41,2.067,172.3,191.3,0,167|172|172|172|172|172
441,poppin_party,大好き！,poppin_party__441,2.37,1.067,161.5,247.5,0,161|161|161|161|161|161
241,mugendai_mutype,Dream Voyage,mugendai_mutype__241,2.36,2.062,156.6,262.3,0,157|157|157|157|157|161
556,raise_a_suilen,Get Wild (Cover),raise_a_suilen__556,2.35,1.900,136.0,199.6,0,136|136|136|136|136|136
340,pastel_palettes,With〜きみとわたしたちの物語〜,pastel_palettes__340,2.32,2.000,92.3,245.9,0,92|92|92|92|92|92
171,hello_happy_world,ようこそジャパリパークへ (Cover),hello_happy_world__171,2.31,2.000,172.3,206.2,0,172|172|172|172|172|172
206,morfonica,MUGEN Reverberate!,morfonica__206,2.31,1.500,92.3,230.3,0,92|92|92|92|92|92
74,ave_mujica,Imprisoned XII,ave_mujica__074,2.30,1.960,107.7,192.2,0,108|103|103|108|103|108
423,poppin_party,イントロダクション,poppin_party__423,2.28,1.938,161.5,221.4,0,161|161|167|161|161|161
476,poppin_party,only my railgun (Cover),poppin_party__476,2.26,1.500,143.6,253.3,0,144|144|144|144|144|144
117,hello_happy_world,ふぁいぶスマイル◯オールインっ！,hello_happy_world__117,2.25,2.100,126.0,246.3,0,126|123|123|126|126|126
314,pastel_palettes,SURVIVOR ねばーぎぶあっぷ!,pastel_palettes__314,2.25,2.000,99.4,248.6,0,99|99|99|99|99|99
491,raise_a_suilen,A DECLARATION OF ×××,raise_a_suilen__491,2.23,1.529,152.0,315.8,0,152|152|152|152|152|152
375,poppin_party,Yes! BanG_Dream!,poppin_party__375,2.22,2.000,92.3,310.0,0,92|92|92|92|92|99
84,ave_mujica,Ave Mujica,ave_mujica__084,2.21,1.917,112.3,278.0,0,112|112|112|112|112|112
281,mygo,過惰幻,mygo__281,2.21,2.000,172.3,237.6,0,172|172|172|172|172|172
627,roselia,ZEAL of proud,roselia__627,2.21,1.538,99.4,279.1,0,99|99|99|99|99|99
248,mugendai_mutype,コミュ着火Fire!,mugendai_mutype__248,2.20,2.000,99.4,185.0,0,99|99|99|99|99|99
263,mygo,影色舞,mygo__263,2.20,1.067,161.5,209.5,0,161|161|167|167|161|161
640,roselia,右肩の蝶 (Cover),roselia__640,2.20,2.056,139.7,276.5,0,140|140|140|140|140|136
261,mygo,壱雫空,mygo__261,2.19,1.923,103.4,189.6,0,99|103|103|99|99|103
383,poppin_party,夢みるSunflower,poppin_party__383,2.19,1.067,161.5,279.9,0,161|161|161|161|161|161
296,mygo,君の神様になりたい。 (Cover),mygo__296,2.17,2.000,99.4,249.3,0,99|99|99|99|99|99
332,pastel_palettes,SAKURAスキップ,pastel_palettes__332,2.17,1.938,161.5,228.8,0,161|161|161|161|161|161
532,raise_a_suilen,POLARIS,raise_a_suilen__532,2.17,2.000,92.3,271.6,0,92|92|92|92|92|92
222,morfonica,メロウ (Cover),morfonica__222,2.16,2.000,143.6,249.2,0,144|144|144|144|144|144
577,roselia,- HEROIC ADVENT -,roselia__577,2.16,2.000,92.3,222.1,0,92|92|92|92|92|92
27,afterglow,Northern lights,afterglow__027,2.15,1.900,136.0,209.1,0,136|136|136|136|136|136
400,poppin_party,Hello! Wink!,poppin_party__400,2.15,2.000,152.0,281.9,0,152|152|152|152|152|152
31,afterglow,青い栞,afterglow__031,2.14,2.000,132.5,336.8,0,133|129|133|133|129|133
272,mygo,栞,mygo__272,2.14,1.933,172.3,266.4,0,172|172|172|172|178|172
466,poppin_party,心絵 (Cover),poppin_party__466,2.12,1.929,95.7,256.7,0,96|92|96|92|96|96
459,poppin_party,勇気Limit！,poppin_party__459,2.11,1.917,112.3,222.6,0,112|112|112|112|112|112
275,mygo,孤壊牢,mygo__275,2.09,2.000,92.3,215.6,0,92|92|92|92|92|92
35,afterglow,That's why I'm here.,afterglow__035,2.08,1.500,92.3,261.9,0,92|92|92|92|92|92
257,mugendai_mutype,やわやわNERD 超FreQuency,mugendai_mutype__257,2.07,1.944,143.6,187.6,0,144|144|144|144|144|144
47,afterglow,Bunny Girl (Cover),afterglow__047,2.04,1.500,107.7,217.2,0,108|108|108|108|108|108
461,poppin_party,絆色のアンサンブル,poppin_party__461,2.02,1.429,92.3,312.1,0,96|92|92|96|92|96
193,morfonica,Polyphonyscape,morfonica__193,2.01,2.000,152.0,251.4,0,152|152|152|152|152|152
219,morfonica,QUEEN (Cover),morfonica__219,2.00,2.000,172.3,145.8,0,172|172|172|172|172|172
136,hello_happy_world,全力少年,hello_happy_world__136,1.97,1.526,136.0,241.8,0,136|136|136|136|136|136
563,raise_a_suilen,VORACITY (Cover),raise_a_suilen__563,1.97,2.000,99.4,207.5,0,99|99|99|99|99|99
247,mugendai_mutype,新人類は仮想世界の夢を見るか?,mugendai_mutype__247,1.94,2.071,92.3,234.0,0,92|92|92|92|178|92
349,pastel_palettes,サインはB (Cover),pastel_palettes__349,1.94,1.467,172.3,215.4,0,172|172|172|172|172|172
443,poppin_party,最強☆ソング,poppin_party__443,1.93,1.071,92.3,255.1,0,92|92|92|92|92|92
164,hello_happy_world,エイリアンエイリアン (Cover),hello_happy_world__164,1.92,2.000,152.0,183.1,0,152|152|152|152|152|152
484,poppin_party,ディスカバリー！ (Cover),poppin_party__484,1.91,2.000,172.3,278.2,0,172|172|172|172|172|172
226,morfonica,chAngE (Cover),morfonica__226,1.90,1.938,161.5,249.6,0,161|161|161|161|161|161
453,poppin_party,Game Changer,poppin_party__453,1.90,2.000,99.4,195.8,0,99|99|99|99|99|99
250,mugendai_mutype,Hi-Vision,mugendai_mutype__250,1.89,1.923,103.4,180.5,0,103|103|103|99|103|103
276,mygo,霧周途,mygo__276,1.89,1.917,107.7,222.2,0,108|108|108|108|108|108
438,poppin_party,ここから先は歌にならない,poppin_party__438,1.89,1.929,95.7,277.6,0,96|96|96|92|96|96
318,pastel_palettes,Wonderful Sweet!,pastel_palettes__318,1.87,1.067,166.7,247.4,0,167|172|167|167|167|167
215,morfonica,Resonant Strings,morfonica__215,1.86,1.538,99.4,240.4,0,99|99|99|99|99|99
430,poppin_party,新しい季節に,poppin_party__430,1.86,3.100,126.0,211.8,0,123|126|123|126|126|123
30,afterglow,Listen!!,afterglow__030,1.84,1.467,172.3,227.5,0,172|172|172|172|172|172
131,hello_happy_world,ひまわりの約束,hello_happy_world__131,1.84,2.062,156.6,307.3,0,157|157|157|157|157|157
623,roselia,Call the shots,roselia__623,1.84,1.929,95.7,265.3,0,96|96|96|96|96|92
659,roselia,KING (Cover),roselia__659,1.84,1.938,166.7,134.7,0,167|161|167|167|167|167
237,mugendai_mutype,アイの夢限,mugendai_mutype__237,1.83,2.000,117.5,200.5,0,117|117|120|120|117|117
242,mugendai_mutype,グラディエント,mugendai_mutype__242,1.83,3.909,117.5,201.0,0,120|117|120|117|117|117
367,pastel_palettes,世界は恋に落ちている (Cover),pastel_palettes__367,1.82,2.000,129.2,313.2,0,129|129|129|129|129|129
384,poppin_party,ティアドロップス ～Popipa Acoustic Ver.～,poppin_party__384,1.81,1.071,92.3,232.7,0,92|92|92|92|92|92
125,hello_happy_world,わちゃ・もちゃ・ぺったん行進曲,hello_happy_world__125,1.80,2.000,161.5,233.2,0,161|161|161|161|161|161
244,mugendai_mutype,真夜中遊園地,mugendai_mutype__244,1.80,1.538,99.4,230.0,0,99|99|99|99|99|99
388,poppin_party,クリスマスのうた,poppin_party__388,1.80,1.474,136.0,277.4,0,136|136|136|136|136|136
465,poppin_party,幾億光年 (Cover),poppin_party__465,1.79,2.077,95.7,275.4,0,99|96|99|96|96|96
401,poppin_party,Step×Step!,poppin_party__401,1.78,1.059,152.0,249.0,0,152|152|152|148|148|152
494,raise_a_suilen,HELL! or HELL?,raise_a_suilen__494,1.78,2.000,99.4,282.3,0,99|99|99|99|99|99
595,roselia,Original Call,roselia__595,1.78,2.000,172.3,225.3,0,172|172|172|172|172|172
154,hello_happy_world,ヒャダインのじょーじょーゆーじょー (Cover),hello_happy_world__154,1.76,2.000,99.4,251.1,0,99|99|99|99|99|99
5,afterglow,Hey-day狂騒曲(カプリチオ),afterglow__005,1.75,2.062,161.5,233.7,0,157|161|157|161|161|161
140,hello_happy_world,サンバロハッピ〜！,hello_happy_world__140,1.73,2.000,129.2,216.5,0,129|129|129|129|129|129
212,morfonica,ビューティ・フォー,morfonica__212,1.73,2.000,99.4,189.3,0,99|99|99|99|99|99
283,mygo,砂寸奏,mygo__283,1.73,2.000,92.3,223.6,0,92|92|92|92|92|92
477,poppin_party,ロミオとシンデレラ (Cover),poppin_party__477,1.73,1.533,172.3,280.3,0,172|172|172|172|172|172
618,roselia,Talk to My Tone,roselia__618,1.73,2.083,107.7,246.0,0,103|108|103|108|103|108
633,roselia,Swear ～Night & Day～,roselia__633,1.73,2.091,112.3,304.0,0,112|112|112|112|112|112
194,morfonica,Wreath of Brave,morfonica__194,1.71,1.900,136.0,263.2,0,136|136|136|136|136|136
208,morfonica,esora no clover,morfonica__208,1.71,2.000,161.5,193.9,0,161|161|161|161|161|161
334,pastel_palettes,秘密の扉から会いにきて,pastel_palettes__334,1.71,2.000,92.3,218.6,0,92|92|92|92|92|92
650,roselia,新時代 (Cover),roselia__650,1.71,2.000,172.3,226.6,0,167|172|172|172|172|172
190,morfonica,"寄る辺のSunny, Sunny",morfonica__190,1.70,2.000,92.3,216.0,0,92|92|92|92|92|92
252,mugendai_mutype,✞animaるパーティ✞開催中✞,mugendai_mutype__252,1.69,2.000,99.4,177.0,0,99|99|99|99|99|99
323,pastel_palettes,ハレハレ☆フォーチュン,pastel_palettes__323,1.69,1.944,143.6,270.5,0,144|144|144|144|144|144
435,poppin_party,Sweets BAN!,poppin_party__435,1.69,1.062,152.0,255.9,0,152|152|152|152|157|152
216,morfonica,Shining Leaves,morfonica__216,1.68,2.000,92.3,218.0,0,92|92|92|92|92|92
308,pastel_palettes,Power of LOVE!!!,pastel_palettes__308,1.68,1.467,172.3,231.7,0,172|172|172|172|172|172
87,ave_mujica,Symbol III : ▽,ave_mujica__087,1.67,1.077,95.7,256.9,0,96|96|92|99|96|108
235,morfonica,V.I.P (Cover),morfonica__235,1.67,2.000,92.3,193.5,0,92|92|92|92|92|92
637,roselia,HONEY (Cover),roselia__637,1.67,1.500,92.3,227.6,0,92|92|92|92|92|92
553,raise_a_suilen,Bling-Bang-Bang-Born (Cover),raise_a_suilen__553,1.66,2.062,156.6,168.7,0,157|157|157|157|157|157
592,roselia,Sage der Rosen,roselia__592,1.65,2.000,161.5,245.0,0,152|161|161|161|161|161
9,afterglow,ONE OF US,afterglow__009,1.64,2.083,107.7,282.3,0,108|108|108|108|108|103
142,hello_happy_world,むすんでわらって,hello_happy_world__142,1.63,2.000,129.2,242.0,0,129|129|129|129|129|129
288,mygo,エガクミライ,mygo__288,1.63,1.933,172.3,239.4,0,172|178|172|172|172|172
162,hello_happy_world,きゅうくらりん (Cover),hello_happy_world__162,1.62,3.917,107.7,214.8,0,108|108|108|108|108|108
422,poppin_party,Tomorrow's Door,poppin_party__422,1.62,1.933,172.3,247.6,0,178|178|172|172|172|172
458,poppin_party,世界中の青空をあつめて,poppin_party__458,1.62,2.077,99.4,230.4,0,99|99|99|99|99|99
644,roselia,海色 (Cover),roselia__644,1.62,1.538,99.4,256.8,0,99|99|99|99|99|99
53,afterglow,チルドレンレコード (Re:boot) (Cover),afterglow__053,1.61,1.923,103.4,189.7,0,103|103|103|103|103|103
634,roselia,Reweave (Cover),roselia__634,1.58,1.500,92.3,238.1,0,92|92|92|92|92|92
141,hello_happy_world,ボクらの夏's☆ショーたいむっ！！,hello_happy_world__141,1.57,1.933,178.2,206.8,0,178|178|178|172|178|178
42,afterglow,“Say cheese!!!!!”,afterglow__042,1.56,2.000,117.5,261.1,0,117|117|117|117|117|117
134,hello_happy_world,エクストラ・マジック・アワー,hello_happy_world__134,1.56,2.071,92.3,255.3,0,120|92|92|92|144|92
446,poppin_party,とっておきAnswer,poppin_party__446,1.56,2.077,95.7,196.8,0,96|96|96|96|99|96
456,poppin_party,遠い音楽 ～ハートビート～,poppin_party__456,1.56,2.067,166.7,243.2,0,169|167|167|167|167|167
77,ave_mujica,顔,ave_mujica__077,1.55,2.056,139.7,242.2,0,140|140|140|140|140|140
469,poppin_party,私は最強 (Cover),poppin_party__469,1.55,2.077,95.7,257.9,0,96|96|96|96|96|96
372,pastel_palettes,夜に駆ける (Cover),pastel_palettes__372,1.53,2.000,129.2,262.6,0,129|129|129|129|129|129
506,raise_a_suilen,Sacred world,raise_a_suilen__506,1.53,2.000,143.6,300.8,0,144|144|144|144|144|144
181,morfonica,メランコリックララバイ,morfonica__181,1.52,2.071,92.3,216.1,0,92|92|92|92|92|92
306,pastel_palettes,天下トーイツ A to Z☆,pastel_palettes__306,1.52,2.000,152.0,218.6,0,152|152|152|152|152|152
418,poppin_party,Home Street,poppin_party__418,1.52,2.083,107.7,228.0,0,108|108|108|108|108|108
434,poppin_party,Live Beyond!!,poppin_party__434,1.52,1.929,92.3,314.6,0,96|92|92|92|92|96
574,roselia,ONENESS,roselia__574,1.52,1.929,95.7,239.2,0,99|96|96|96|96|96
505,raise_a_suilen,EXIST,raise_a_suilen__505,1.51,2.056,143.6,238.5,0,140|144|144|144|140|140
55,afterglow,GO!!! (Cover),afterglow__055,1.50,1.900,136.0,239.7,0,136|136|136|136|136|136
189,morfonica,Sweet Cheers!,morfonica__189,1.50,1.091,107.7,224.3,0,108|108|108|108|108|108
8,afterglow,RED RED RED,afterglow__008,1.49,1.077,92.3,224.4,0,92|92|92|92|92|92
389,poppin_party,B.O.F,poppin_party__389,1.49,2.000,172.3,218.9,0,172|172|172|172|172|172
620,roselia,礎の花冠,roselia__620,1.49,2.000,172.3,246.9,0,172|172|172|172|172|172
339,pastel_palettes,everyday flower,pastel_palettes__339,1.48,2.000,136.0,240.3,0,136|136|136|136|136|136
511,raise_a_suilen,THE WAY OF LIFE,raise_a_suilen__511,1.48,2.000,172.3,238.2,0,172|172|172|172|172|172
114,hello_happy_world,うぃーきゃん☆フレフレっ！,hello_happy_world__114,1.47,2.071,92.3,239.6,0,112|92|144|92|92|92
280,mygo,夜隠染,mygo__280,1.47,2.091,112.3,201.0,0,112|117|112|112|112|112
437,poppin_party,Moonlight Walk,poppin_party__437,1.45,1.929,95.7,226.6,0,96|96|96|96|96|92
463,poppin_party,ちゅ、多様性。 (Cover),poppin_party__463,1.44,2.000,152.0,188.1,0,152|152|152|152|152|152
307,pastel_palettes,しゅわりん☆どり〜みん,pastel_palettes__307,1.43,1.467,172.3,236.4,0,172|172|172|172|172|172
431,poppin_party,トレモロアイズ,poppin_party__431,1.43,1.938,161.5,241.4,0,161|161|161|161|161|161
448,poppin_party,どきどきデエト,poppin_party__448,1.43,2.000,92.3,217.3,0,92|92|92|92|92|92
452,poppin_party,Freedom,poppin_party__452,1.43,2.000,161.5,264.6,0,161|161|161|161|161|161
61,afterglow,Redo (Cover),afterglow__061,1.40,1.929,95.7,261.6,0,96|96|96|96|92|96
412,poppin_party,1000回潤んだ空,poppin_party__412,1.40,2.000,92.3,330.8,0,117|92|92|92|92|92
124,hello_happy_world,現るっ！大怪盗ハロハッピー！,hello_happy_world__124,1.39,1.500,92.3,224.1,0,92|92|92|92|92|92
392,poppin_party,最高(さあ行こう)！,poppin_party__392,1.38,2.071,92.3,228.9,0,92|92|92|92|92|92
490,raise_a_suilen,Invincible Fighter,raise_a_suilen__490,1.38,2.000,99.4,250.9,0,99|99|99|99|99|99
155,hello_happy_world,はいよろこんで (Cover),hello_happy_world__155,1.36,1.944,143.6,160.2,0,144|144|144|148|148|144
315,pastel_palettes,Wonderland Girl,pastel_palettes__315,1.36,1.474,136.0,271.0,0,136|136|136|136|136|136
234,morfonica,アゲハ蝶 (Cover),morfonica__234,1.35,2.000,117.5,280.7,0,117|117|117|117|117|117
364,pastel_palettes,Q＆A　リサイタル！ (Cover),pastel_palettes__364,1.35,2.000,92.3,291.2,0,92|92|92|92|92|92
548,raise_a_suilen,ラスハピーポー！,raise_a_suilen__548,1.34,2.000,99.4,200.4,0,99|99|99|99|99|99
33,afterglow,Butter-Fly,afterglow__033,1.33,2.000,172.3,250.2,0,172|172|172|172|172|172
231,morfonica,メリッサ (Cover),morfonica__231,1.33,2.000,172.3,256.8,0,172|172|172|172|172|172
311,pastel_palettes,ゆめゆめグラデーション,pastel_palettes__311,1.33,2.000,136.0,284.7,0,136|136|136|136|136|136
569,raise_a_suilen,CORE PRIDE (Cover),raise_a_suilen__569,1.31,2.000,92.3,257.2,0,92|92|92|92|92|92
163,hello_happy_world,ロメオ (Cover),hello_happy_world__163,1.30,2.056,139.7,320.2,0,140|140|144|144|140|140
485,poppin_party,チェリボム (Cover),poppin_party__485,1.30,1.929,92.3,246.4,0,92|96|92|92|92|92
403,poppin_party,White Afternoon,poppin_party__403,1.29,2.000,143.6,300.0,0,144|144|144|144|144|144
565,raise_a_suilen,狂乱 Hey Kids!! (Cover),raise_a_suilen__565,1.29,1.500,143.6,249.9,0,144|144|144|144|144|144
419,poppin_party,What's the POPIPA!?,poppin_party__419,1.28,2.000,92.3,278.7,0,92|92|92|92|92|92
515,raise_a_suilen,CORUSCATE -DNA-,raise_a_suilen__515,1.28,2.059,147.7,287.4,0,148|148|152|148|148|148
329,pastel_palettes,DANCE! おジャ魔女,pastel_palettes__329,1.27,2.000,152.0,196.5,0,152|152|152|152|152|152
398,poppin_party,NO GIRL NO CRY/Poppin'Party Ver.,poppin_party__398,1.27,1.929,95.7,312.8,0,96|96|92|96|92|96
462,poppin_party,NO GIRL NO CRY (Poppin'Party Ver.),poppin_party__462,1.27,1.929,95.7,312.8,0,96|96|92|96|92|96
174,hello_happy_world,ダーリンダンス (Cover),hello_happy_world__174,1.26,2.000,152.0,207.6,0,152|152|152|152|152|152
540,raise_a_suilen,WELCOME TO PANDEMONIUM,raise_a_suilen__540,1.26,1.923,103.4,254.8,0,103|99|103|103|103|103
324,pastel_palettes,ハナヒバナ,pastel_palettes__324,1.25,1.929,95.7,274.2,0,96|96|96|92|96|96
348,pastel_palettes,だから、ひとりじゃない (Cover),pastel_palettes__348,1.25,2.071,178.2,230.1,0,178|178|178|178|178|178
624,roselia,THRONE OF ROSE,roselia__624,1.24,2.000,161.5,312.4,0,161|161|161|161|161|161
487,poppin_party,怪物 (Cover),poppin_party__487,1.23,2.000,172.3,206.6,0,172|172|172|172|172|172
510,raise_a_suilen,Domination to world,raise_a_suilen__510,1.23,2.000,99.4,258.2,0,99|99|99|99|99|99
356,pastel_palettes,からくりピエロ (Cover),pastel_palettes__356,1.22,1.923,99.4,252.2,0,99|99|99|103|99|99
374,pastel_palettes,ノスタルジックレインフォール (Cover),pastel_palettes__374,1.21,1.938,161.5,237.0,0,161|161|161|161|161|161
421,poppin_party,アニバーサリー,poppin_party__421,1.21,1.533,172.3,273.8,0,172|172|172|172|172|172
3,afterglow,I knew it!,afterglow__003,1.20,2.000,99.4,291.3,0,99|99|99|99|99|99
156,hello_happy_world,シカ色デイズ (Cover),hello_happy_world__156,1.20,2.000,92.3,202.2,0,92|92|92|92|92|92
562,raise_a_suilen,ボッカデラベリタ (Cover),raise_a_suilen__562,1.20,2.000,172.3,202.0,0,172|172|172|172|172|172
159,hello_happy_world,許婚っきゅん (Cover),hello_happy_world__159,1.19,1.944,143.6,177.5,0,144|144|144|144|148|144
479,poppin_party,君じゃなきゃダメみたい (Cover),poppin_party__479,1.19,2.000,129.2,239.7,0,129|129|129|129|129|129
489,poppin_party,空色デイズ (Cover),poppin_party__489,1.19,2.000,172.3,253.8,0,172|172|172|172|172|172
112,hello_happy_world,ないすみちゅっ！,hello_happy_world__112,1.18,2.000,172.3,257.2,0,172|172|172|172|172|172
229,morfonica,青空のラプソディ (Cover),morfonica__229,1.17,2.000,136.0,277.4,0,136|136|136|136|136|136
598,roselia,Sprechchor,roselia__598,1.17,2.000,152.0,310.0,0,152|152|152|152|152|152
224,morfonica,Overdose (Cover),morfonica__224,1.16,2.000,117.5,194.0,0,117|117|117|117|117|117
299,mygo,猛独が襲う (Cover),mygo__299,1.16,1.941,156.6,254.3,0,157|157|157|157|157|152
493,raise_a_suilen,UNSTOPPABLE,raise_a_suilen__493,1.16,1.533,172.3,230.5,0,172|172|172|172|172|172
71,afterglow,I love your way！,afterglow__071,1.15,2.000,129.2,263.7,0,129|129|129|129|129|129
481,poppin_party,DAYS of DASH (Cover),poppin_party__481,1.15,1.500,161.5,253.7,0,161|161|161|161|161|161
13,afterglow,いつも通りのBrand new days,afterglow__013,1.14,2.077,95.7,237.3,0,96|96|99|96|99|99
368,pastel_palettes,ハッピーシンセサイザ (Cover),pastel_palettes__368,1.14,2.000,129.2,238.0,0,129|129|129|129|129|129
289,mygo,静降想,mygo__289,1.13,2.000,92.3,278.2,0,92|92|92|92|92|92
151,hello_happy_world,えがお、み〜っけた！,hello_happy_world__151,1.12,2.000,143.6,270.2,0,144|144|144|144|144|144
305,pastel_palettes,あっつあつ 常夏 らぶ☆サマー！,pastel_palettes__305,1.12,2.000,172.3,246.9,0,172|172|172|172|172|172
391,poppin_party,二重の虹(ダブル レインボウ),poppin_party__391,1.12,1.929,92.3,246.2,0,92|92|92|92|92|92
549,raise_a_suilen,1/3の純情な感情 (Cover),raise_a_suilen__549,1.12,2.000,152.0,222.9,0,152|152|152|152|152|152
232,morfonica,COLORFUL BOX (Cover),morfonica__232,1.11,2.000,161.5,238.4,0,161|161|161|161|161|161
312,pastel_palettes,はなまる◎アンダンテ,pastel_palettes__312,1.11,1.067,161.5,226.5,0,161|161|167|161|161|161
407,poppin_party,キズナミュージック♪,poppin_party__407,1.11,1.929,92.3,315.4,0,92|92|92|96|92|96
129,hello_happy_world,えがお、あーゆーれでぃ???,hello_happy_world__129,1.07,1.947,136.0,226.3,0,136|136|136|136|136|136
271,mygo,名無声,mygo__271,1.07,1.077,92.3,271.7,0,92|92|96|96|92|99
264,mygo,歌いましょう鳴らしましょう,mygo__264,1.06,1.917,112.3,176.5,0,108|112|112|112|108|108
589,roselia,約束,roselia__589,1.06,1.909,123.0,304.6,0,123|123|123|123|123|123
365,pastel_palettes,ヒトリゴト (Cover),pastel_palettes__365,1.05,1.938,161.5,235.3,0,161|161|161|161|161|161
525,raise_a_suilen,R・I・O・T,raise_a_suilen__525,1.05,2.056,139.7,334.4,0,140|140|140|140|140|140
6,afterglow,"Easy come, Easy go!",afterglow__006,1.04,1.900,136.0,243.4,0,136|136|136|136|136|136
321,pastel_palettes,Brand new Pastel Road!,pastel_palettes__321,1.04,2.000,172.3,255.5,0,172|172|172|172|172|172
361,pastel_palettes,ふわふわ時間 (Cover),pastel_palettes__361,1.04,2.071,92.3,245.2,0,92|92|92|92|92|99
343,pastel_palettes,ホワイト ノスタルジア,pastel_palettes__343,1.03,1.474,136.0,283.8,0,136|136|136|136|136|136
457,poppin_party,ほな！,poppin_party__457,1.03,2.000,92.3,227.2,0,92|92|92|92|92|92
464,poppin_party,フィクション (Cover),poppin_party__464,1.03,1.909,123.0,232.0,0,123|123|123|123|123|123
652,roselia,Red fraction (Cover),roselia__652,1.03,1.500,143.6,201.0,0,144|144|144|144|144|144
121,hello_happy_world,はれやか すこやか ぴかりんりん♪,hello_happy_world__121,1.02,3.091,117.5,256.4,0,117|117|117|117|117|117
123,hello_happy_world,Happy! Happier! Happiest!,hello_happy_world__123,1.01,2.000,172.3,242.9,0,172|172|172|172|172|172
240,mugendai_mutype,チューニング,mugendai_mutype__240,1.01,2.077,99.4,196.0,0,99|99|99|99|99|99
48,afterglow,オレンジ (Cover),afterglow__048,1.00,2.000,99.4,235.6,0,99|99|99|99|99|99
346,pastel_palettes,Sparkling Daydream (Cover),pastel_palettes__346,1.00,1.467,172.3,249.2,0,172|172|172|172|172|172
559,raise_a_suilen,劣等上等 (Cover),raise_a_suilen__559,1.00,1.500,161.5,237.1,0,161|161|161|161|161|161
26,afterglow,アイのシナリオ,afterglow__026,0.99,2.071,92.3,259.8,0,92|92|92|92|92|92
310,pastel_palettes,Winking☆Cheer,pastel_palettes__310,0.99,2.000,99.4,310.1,0,99|99|99|99|99|99
357,pastel_palettes,みくみくにしてあげる♪【してやんよ】 (Cover),pastel_palettes__357,0.99,1.500,161.5,103.5,0,161|161|161|161|161|161
382,poppin_party,前へススメ！,poppin_party__382,0.99,2.071,92.3,309.5,0,92|92|92|92|92|92
303,pastel_palettes,ゆら・ゆらRing-Dong-Dance,pastel_palettes__303,0.98,2.000,172.3,265.1,0,172|172|172|172|172|172
654,roselia,Paradisus‐Paradoxum (Cover),roselia__654,0.98,2.000,99.4,232.7,0,99|99|99|99|99|99
58,afterglow,瞬間センチメンタル (Cover),afterglow__058,0.97,2.067,172.3,230.9,0,172|172|172|167|172|167
127,hello_happy_world,おもいやりハーモニー,hello_happy_world__127,0.96,2.000,136.0,231.5,0,136|136|136|136|136|136
612,roselia,Blessing Chord,roselia__612,0.96,2.000,152.0,277.2,0,152|152|152|152|152|152
36,afterglow,IGNITE GLOW,afterglow__036,0.95,3.900,132.5,267.4,0,129|133|129|133|133|133
152,hello_happy_world,上海ハニー (Cover),hello_happy_world__152,0.95,2.000,129.2,178.2,0,129|129|129|129|129|129
221,morfonica,輪舞-revolution (Cover),morfonica__221,0.93,2.000,129.2,273.5,0,129|129|129|129|129|129
409,poppin_party,夢を撃ち抜く瞬間に！,poppin_party__409,0.93,1.923,99.4,280.6,0,99|99|99|99|99|99
21,afterglow,極彩色,afterglow__021,0.92,2.000,92.3,238.6,0,92|92|92|92|92|92
45,afterglow,abnormalize (Cover),afterglow__045,0.92,1.467,172.3,219.0,0,172|172|172|172|172|172
347,pastel_palettes,春を告げる (Cover),pastel_palettes__347,0.92,3.909,117.5,198.9,0,120|117|120|120|117|120
269,mygo,迷路日々,mygo__269,0.91,2.000,129.2,215.5,0,129|129|129|129|129|129
304,pastel_palettes,もういちど ルミナス,pastel_palettes__304,0.91,2.067,172.3,260.0,0,172|172|172|172|172|172
56,afterglow,天ノ弱 (Cover),afterglow__056,0.89,2.000,99.4,187.8,0,99|99|99|99|99|99
62,afterglow,インフェルノ (Cover),afterglow__062,0.89,2.000,92.3,214.2,0,92|92|92|92|92|92
366,pastel_palettes,惑星ループ (Cover),pastel_palettes__366,0.89,2.000,172.3,206.8,0,172|172|172|172|172|172
387,poppin_party,八月のif,poppin_party__387,0.89,3.909,117.5,275.7,0,120|117|117|117|117|120
413,poppin_party,HAPPY HAPPY PARTY!,poppin_party__413,0.89,2.056,139.7,282.5,0,144|140|140|140|140|140
482,poppin_party,檄！帝国華撃団 (Cover),poppin_party__482,0.89,2.000,143.6,184.6,0,144|144|144|144|144|117
135,hello_happy_world,コレカラ,hello_happy_world__135,0.88,2.000,161.5,214.9,0,161|161|161|161|161|161
406,poppin_party,Dreamers Go!,poppin_party__406,0.88,2.000,92.3,258.0,0,92|92|92|92|92|92
133,hello_happy_world,太陽曰く燃えよカオス,hello_happy_world__133,0.87,2.000,143.6,239.2,0,144|144|144|144|144|144
130,hello_happy_world,ハッピーサマーウェディング,hello_happy_world__130,0.86,2.000,129.2,284.7,0,129|129|129|129|129|129
594,roselia,Keep Heart,roselia__594,0.86,2.000,99.4,246.0,0,99|99|99|99|99|99
143,hello_happy_world,キミを れっつ・はぶ・ふぁん♪,hello_happy_world__143,0.84,2.062,161.5,235.0,0,161|161|161|161|161|161
509,raise_a_suilen,BATTLE CRY,raise_a_suilen__509,0.84,1.929,92.3,234.4,0,92|92|92|92|92|92
370,pastel_palettes,Make it! (Cover),pastel_palettes__370,0.83,2.000,172.3,252.4,0,172|172|172|172|172|172
582,roselia,R,roselia__582,0.82,1.929,92.3,285.3,0,92|92|92|92|92|92
68,afterglow,Don't say “lazy” (Cover),afterglow__068,0.81,2.071,92.3,275.7,0,92|92|92|92|92|99
122,hello_happy_world,ふわふわ☆ゆめいろサンドイッチ,hello_happy_world__122,0.81,2.000,129.2,292.0,0,129|129|129|129|129|129
411,poppin_party,夏空 SUN! SUN! SEVEN!,poppin_party__411,0.81,1.933,172.3,271.2,0,172|172|172|172|172|172
528,raise_a_suilen,Apocalypse,raise_a_suilen__528,0.81,1.529,152.0,252.6,0,152|152|152|152|152|152
557,raise_a_suilen,ボッカデラべリタ (Cover),raise_a_suilen__557,0.79,2.000,172.3,201.8,0,172|172|172|172|172|172
223,morfonica,祝福 (Cover),morfonica__223,0.78,2.000,172.3,194.3,0,172|172|172|172|172|172
410,poppin_party,ぽっぴん'しゃっふる,poppin_party__410,0.78,1.917,107.7,278.2,0,108|108|108|108|108|108
503,raise_a_suilen,mind of Prominence,raise_a_suilen__503,0.78,1.077,92.3,266.2,0,92|92|92|92|92|92
336,pastel_palettes,ドラマチック！アライブ,pastel_palettes__336,0.77,2.000,92.3,259.5,0,92|92|92|92|92|92
376,poppin_party,STAR BEAT!～ホシノコドウ～,poppin_party__376,0.76,2.000,99.4,320.7,0,99|99|99|99|99|99
175,hello_happy_world,ノーポイッ！ (Cover),hello_happy_world__175,0.74,2.062,161.5,243.0,0,157|161|157|161|157|161
635,roselia,ヒバナ -Reloaded- (Cover),roselia__635,0.74,2.000,99.4,205.3,0,99|99|99|99|99|99
16,afterglow,COMIC PANIC!!!,afterglow__016,0.73,2.083,107.7,280.5,0,108|108|108|108|108|108
29,afterglow,Reach Out To The Truth,afterglow__029,0.73,2.000,172.3,171.5,0,172|172|172|172|172|172
202,morfonica,Angel's Ladder,morfonica__202,0.73,2.000,99.4,253.4,0,99|99|99|99|99|99
344,pastel_palettes,Y.O.L.O！！！！！(パスパレver.),pastel_palettes__344,0.73,2.083,107.7,268.9,0,108|108|108|108|108|108
46,afterglow,メンタルチェンソー (Cover),afterglow__046,0.72,2.429,92.3,177.4,0,92|92|92|92|92|92
149,hello_happy_world,Listen to Smile!,hello_happy_world__149,0.72,2.050,129.2,244.2,0,129|129|129|129|129|129
576,roselia,Legendary,roselia__576,0.72,2.000,143.6,292.0,0,144|144|144|144|144|144
105,various_artists,CiRCLE THANKS MUSiC♪,various_artists__105,0.71,1.909,123.0,313.7,0,123|123|123|123|123|123
176,hello_happy_world,SHINY DAYS (Cover),hello_happy_world__176,0.70,1.917,107.7,262.6,0,108|108|108|108|108|108
177,hello_happy_world,シルエット (Cover),hello_happy_world__177,0.70,2.000,92.3,241.0,0,92|92|92|92|92|92
371,pastel_palettes,花ハ踊レヤいろはにほ (Cover),pastel_palettes__371,0.70,2.000,161.5,251.1,0,161|161|161|161|161|161
110,hello_happy_world,YAPPY! SCHOOL CARNIVAL☆彡,hello_happy_world__110,0.69,2.000,172.3,235.2,0,172|172|172|172|172|172
600,roselia,THE HISTORIC...,roselia__600,0.69,2.000,172.3,271.3,0,172|172|172|172|172|172
43,afterglow,花笑みのデュオ,afterglow__043,0.67,2.000,99.4,250.3,0,99|99|99|99|99|99
238,mugendai_mutype,どんがらがっしゃん,mugendai_mutype__238,0.66,2.000,129.2,196.5,0,129|129|129|129|129|129
414,poppin_party,夏のドーン！,poppin_party__414,0.66,2.000,161.5,221.3,0,161|161|161|161|161|161
518,raise_a_suilen,パスパレボリューションず☆,raise_a_suilen__518,0.66,2.000,172.3,231.7,0,172|172|172|172|172|172
203,morfonica,One step at a time,morfonica__203,0.65,2.000,172.3,263.7,0,172|172|172|172|172|172
502,raise_a_suilen,V.I.P MONSTER,raise_a_suilen__502,0.65,2.000,172.3,241.9,0,172|172|172|172|172|172
537,raise_a_suilen,FIVE as ONE,raise_a_suilen__537,0.65,1.929,95.7,255.2,0,96|96|96|96|92|96
137,hello_happy_world,オレンジ,hello_happy_world__137,0.64,2.056,139.7,278.4,0,140|140|140|140|140|144
245,mugendai_mutype,テレパシー,mugendai_mutype__245,0.64,1.933,178.2,254.0,0,178|178|178|178|178|178
274,mygo,明弦音,mygo__274,0.64,2.000,92.3,243.9,0,92|92|92|92|92|92
362,pastel_palettes,Fantastic future (Cover),pastel_palettes__362,0.64,2.000,172.3,246.9,0,172|172|172|172|172|172
313,pastel_palettes,パスパレボリューションず☆,pastel_palettes__313,0.63,2.000,172.3,231.3,0,172|172|172|172|172|172
531,raise_a_suilen,BERSER-KEY,raise_a_suilen__531,0.63,2.000,117.5,231.0,0,117|117|117|117|117|117
59,afterglow,プライド革命 (Cover),afterglow__059,0.62,2.000,92.3,238.5,0,92|92|92|92|92|92
405,poppin_party,Returns,poppin_party__405,0.62,2.000,92.3,323.2,0,92|92|92|92|92|92
543,raise_a_suilen,Bad Kids All Bet,raise_a_suilen__543,0.62,1.533,172.3,228.2,0,172|172|172|172|172|172
270,mygo,無路矢,mygo__270,0.61,2.000,117.5,222.9,0,117|117|117|117|117|117
425,poppin_party,DOKI DOKI SCARY,poppin_party__425,0.61,2.000,143.6,240.4,0,144|144|144|144|144|144
580,roselia,軌跡,roselia__580,0.61,2.000,172.3,312.5,0,172|172|172|172|172|172
254,mugendai_mutype,限界現実サバイブ天使,mugendai_mutype__254,0.60,1.929,92.3,196.0,0,92|92|92|92|92|92
573,roselia,陽だまりロードナイト,roselia__573,0.60,2.000,143.6,289.8,0,144|144|144|144|144|144
146,hello_happy_world,やっほー！いっぽ！わんだふぉー！,hello_happy_world__146,0.59,2.062,161.5,212.3,0,161|161|161|157|161|161
199,morfonica,Fateful...,morfonica__199,0.59,1.950,132.5,286.8,0,129|133|133|133|133|133
225,morfonica,かくれんぼ (Cover),morfonica__225,0.59,2.071,92.3,298.7,0,92|92|92|178|92|178
360,pastel_palettes,secret base ～君がくれたもの～ (Cover),pastel_palettes__360,0.59,2.000,143.6,322.0,0,144|144|144|144|144|144
625,roselia,VIOLET LINE,roselia__625,0.59,2.000,99.4,290.7,0,99|99|99|99|99|99
166,hello_happy_world,回レ！雪月花 (Cover),hello_happy_world__166,0.57,2.000,161.5,234.8,0,161|161|161|161|161|161
150,hello_happy_world,スマイリーキャロル,hello_happy_world__150,0.56,1.091,107.7,247.1,0,108|108|108|108|108|108
373,pastel_palettes,徒花ネクロマンシー (Cover),pastel_palettes__373,0.56,2.000,172.3,242.7,0,172|172|172|172|172|172
107,hello_happy_world,ハイファイブ∞あどべんちゃっ,hello_happy_world__107,0.55,2.000,99.4,272.4,0,99|99|99|99|99|99
200,morfonica,ティリカモニカリラ,morfonica__200,0.54,2.056,139.7,204.1,0,144|140|144|140|140|136
428,poppin_party,ぽっぴん'どりーむ！,poppin_party__428,0.52,2.000,99.4,269.8,0,99|99|99|99|99|99
327,pastel_palettes,ドリームパレード,pastel_palettes__327,0.51,2.000,172.3,234.7,0,172|172|172|172|172|172
539,raise_a_suilen,Takin' my Heart (English),raise_a_suilen__539,0.51,2.000,92.3,285.0,0,92|92|92|92|92|92
184,morfonica,カラフルリバティー,morfonica__184,0.50,2.000,92.3,218.8,0,92|92|92|92|92|92
302,pastel_palettes,ワクワクmeetsトリップ,pastel_palettes__302,0.49,2.000,136.0,247.3,0,136|136|136|136|136|136
417,poppin_party,切ないSandglass,poppin_party__417,0.49,2.000,92.3,246.5,0,92|92|92|92|92|92
273,mygo,歩拾道,mygo__273,0.48,2.000,129.2,260.3,0,129|129|129|129|129|129
147,hello_happy_world,とーくとぅみー・とーくとぅゆー,hello_happy_world__147,0.46,2.000,136.0,208.6,0,136|136|136|136|136|136
295,mygo,過去を喰らう (Cover),mygo__295,0.46,2.000,92.3,240.5,0,92|92|92|92|92|92
353,pastel_palettes,金曜日のおはよう (Cover),pastel_palettes__353,0.46,1.529,152.0,241.7,0,152|152|152|152|152|152
395,poppin_party,夏空 SUN! SUN! SEVEN! ～Popipa Acoustic Ver.～,poppin_party__395,0.46,2.000,161.5,299.9,0,161|161|161|161|161|161
396,poppin_party,STAR BEAT!～ホシノコドウ～ ～Popipa Acoustic Ver.～,poppin_party__396,0.45,1.933,172.3,327.7,0,172|172|172|172|172|172
52,afterglow,CHAINSAW BLOOD (Cover),afterglow__052,0.44,1.944,147.7,203.1,0,148|144|148|144|148|148
165,hello_happy_world,いーあるふぁんくらぶ (Cover),hello_happy_world__165,0.44,2.000,143.6,239.7,0,144|144|144|144|144|144
337,pastel_palettes,Radiate Warriors,pastel_palettes__337,0.42,2.000,129.2,240.3,0,129|129|129|129|129|129
126,hello_happy_world,おもいでイルミネーション,hello_happy_world__126,0.41,1.938,161.5,252.7,0,161|161|161|161|161|161
24,afterglow,Crow Song,afterglow__024,0.40,2.000,172.3,244.2,0,172|172|172|172|172|172
568,raise_a_suilen,DEPARTURES (Cover),raise_a_suilen__568,0.40,2.000,99.4,332.9,0,99|99|99|99|99|99
157,hello_happy_world,強風オールバック (Cover),hello_happy_world__157,0.39,2.000,136.0,135.1,0,136|136|136|136|136|136
60,afterglow,命に嫌われている。 (Cover),afterglow__060,0.37,2.000,99.4,274.1,0,99|99|99|99|99|99
197,morfonica,両翼のBrilliance,morfonica__197,0.37,2.000,172.3,239.8,0,172|172|172|172|172|172
542,raise_a_suilen,RUNAWAY STAR,raise_a_suilen__542,0.37,2.000,99.4,228.9,0,99|99|99|99|99|99
211,morfonica,Portray Empathy,morfonica__211,0.36,2.000,172.3,253.3,0,172|172|172|172|172|172
217,morfonica,音がえしのセレナーデ,morfonica__217,0.36,2.000,92.3,301.8,0,92|92|92|92|92|92
325,pastel_palettes,そばかす,pastel_palettes__325,0.36,2.000,172.3,250.6,0,172|172|172|172|172|172
496,raise_a_suilen,Takin’ my Heart,raise_a_suilen__496,0.36,2.000,92.3,286.9,0,92|92|92|92|92|92
119,hello_happy_world,きらっ☆と キミフェス！,hello_happy_world__119,0.35,2.000,129.2,231.1,0,129|129|129|129|129|129
104,various_artists,"Here, the world",various_artists__104,0.34,2.000,123.0,263.2,0,123|123|123|123|123|123
139,hello_happy_world,ン・パカマーチ,hello_happy_world__139,0.32,2.000,117.5,156.0,0,117|117|117|117|117|117
161,hello_happy_world,ドレミファロンド (Cover),hello_happy_world__161,0.32,1.952,123.0,200.6,0,123|123|123|123|123|123
170,hello_happy_world,Dragon Night (Cover),hello_happy_world__170,0.32,2.000,123.0,228.7,0,123|123|123|123|123|123
355,pastel_palettes,可愛くてごめん (Cover),pastel_palettes__355,0.32,2.000,161.5,220.3,0,161|161|161|161|161|161
49,afterglow,カゲロウデイズ (Cover),afterglow__049,0.29,2.000,99.4,233.7,0,99|99|99|99|99|99
67,afterglow,ベノム (Cover),afterglow__067,0.29,2.000,152.0,198.5,0,152|152|152|152|152|152
64,afterglow,COLORS (Cover),afterglow__064,0.24,2.000,136.0,218.8,0,136|136|136|136|136|136
113,hello_happy_world,ゴーカ！ごーかい！？ファントムシーフ！,hello_happy_world__113,0.21,2.000,107.7,219.8,0,108|108|108|108|108|108
345,pastel_palettes,奏（かなで） (Cover),pastel_palettes__345,0.20,2.000,152.0,294.4,0,152|152|152|152|152|152
86,ave_mujica,Symbol II : Air,ave_mujica__086,0.15,2.000,99.4,212.8,0,99|99|99|99|99|99
44,afterglow,READY STEADY GO (Cover),afterglow__044,0.14,2.000,143.6,221.3,0,144|144|144|144|144|144
358,pastel_palettes,ルカルカ★ナイトフィーバー (Cover),pastel_palettes__358,0.14,2.000,161.5,242.0,0,161|161|161|161|161|161
128,hello_happy_world,ハピネスっ！ハピィーマジカルっ♪,hello_happy_world__128,0.13,2.000,92.3,210.6,0,92|92|92|92|92|92
85,ave_mujica,Symbol I : △,ave_mujica__085,0.12,2.000,117.5,312.2,0,117|117|117|117|117|117
